hero,image,is strength,is agility,is intelligence,is universal,is melee,has no legs,has two legs,has four or more legs,role carry,role disabler,role durable,role escape,role initiator,role nuker,role pusher,role support,is human,is male,is female,is undead,is robot,is spirit,is mage,is demon,is god,has legs,heals,has sword,is mid,is offlaner,has pure damage,is butcher,is rider,has disables,is king,made of rock,is flying,is animal,has invisibility
Abaddon,https://cdn.cloudflare.steamstatic.com/apps/dota2/images/dota_react/heroes/abaddon.png,FALSE,FALSE,FALSE,TRUE,TRUE,FALSE,TRUE,FALSE,TRUE,FALSE,TRUE,FALSE,FALSE,FALSE,FALSE,TRUE,TRUE,TRUE,FALSE,TRUE,FALSE,FALSE,FALSE,FALSE,FALSE,TRUE,TRUE,TRUE,TRUE,TRUE,TRUE,FALSE,TRUE,TRUE,FALSE,FALSE,FALSE,TRUE,FALSE
Alchemist,https://cdn.cloudflare.steamstatic.com/apps/dota2/images/dota_react/heroes/alchemist.png,TRUE,FALSE,FALSE,FALSE,TRUE,FALSE,TRUE,FALSE,TRUE,TRUE,TRUE,FALSE,TRUE,TRUE,FALSE,TRUE,,,,,,,,,,,,,,,,,,,,,,,
Ancient Apparition,https://cdn.cloudflare.steamstatic.com/apps/dota2/images/dota_react/heroes/ancient_apparition.png,FALSE,FALSE,TRUE,FALSE,FALSE,TRUE,FALSE,FALSE,FALSE,TRUE,FALSE,FALSE,FALSE,TRUE,FALSE,TRUE,,,,,,,,,,,,,,,,,,,,,,,
Anti-Mage,https://cdn.cloudflare.steamstatic.com/apps/dota2/images/dota_react/heroes/antimage.png,FALSE,TRUE,FALSE,FALSE,TRUE,FALSE,TRUE,FALSE,TRUE,FALSE,FALSE,TRUE,FALSE,TRUE,FALSE,FALSE,,,,,,,,,,,,,,,,,,,,,,,
Arc Warden,https://cdn.cloudflare.steamstatic.com/apps/dota2/images/dota_react/heroes/arc_warden.png,FALSE,FALSE,FALSE,TRUE,FALSE,FALSE,TRUE,FALSE,TRUE,FALSE,FALSE,TRUE,FALSE,TRUE,FALSE,FALSE,,,,,,,,,,,,,,,,,,,,,,,
Axe,https://cdn.cloudflare.steamstatic.com/apps/dota2/images/dota_react/heroes/axe.png,TRUE,FALSE,FALSE,FALSE,TRUE,FALSE,TRUE,FALSE,TRUE,TRUE,TRUE,FALSE,TRUE,FALSE,FALSE,FALSE,,,,,,,,,,,,,,,,,,,,,,,
Bane,https://cdn.cloudflare.steamstatic.com/apps/dota2/images/dota_react/heroes/bane.png,FALSE,FALSE,FALSE,TRUE,FALSE,FALSE,FALSE,TRUE,FALSE,TRUE,TRUE,FALSE,FALSE,TRUE,FALSE,TRUE,,,,,,,,,,,,,,,,,,,,,,,
Batrider,https://cdn.cloudflare.steamstatic.com/apps/dota2/images/dota_react/heroes/batrider.png,FALSE,FALSE,FALSE,TRUE,FALSE,FALSE,TRUE,FALSE,FALSE,TRUE,FALSE,TRUE,TRUE,FALSE,FALSE,FALSE,TRUE,TRUE,FALSE,FALSE,FALSE,FALSE,TRUE,FALSE,FALSE,TRUE,FALSE,FALSE,TRUE,FALSE,FALSE,FALSE,TRUE,TRUE,FALSE,FALSE,TRUE,TRUE,FALSE
Beastmaster,https://cdn.cloudflare.steamstatic.com/apps/dota2/images/dota_react/heroes/beastmaster.png,FALSE,FALSE,FALSE,TRUE,TRUE,FALSE,TRUE,FALSE,FALSE,TRUE,TRUE,FALSE,TRUE,TRUE,FALSE,FALSE,,,,,,,,,,,,,,,,,,,,,,,
Bloodseeker,https://cdn.cloudflare.steamstatic.com/apps/dota2/images/dota_react/heroes/bloodseeker.png,FALSE,TRUE,FALSE,FALSE,TRUE,FALSE,TRUE,FALSE,TRUE,TRUE,FALSE,FALSE,TRUE,TRUE,FALSE,FALSE,,,,,,,,,,,,,,,,,,,,,,,
Bounty Hunter,https://cdn.cloudflare.steamstatic.com/apps/dota2/images/dota_react/heroes/bounty_hunter.png,FALSE,TRUE,FALSE,FALSE,TRUE,FALSE,TRUE,FALSE,FALSE,FALSE,FALSE,TRUE,FALSE,TRUE,FALSE,FALSE,,,,,,,,,,,,,,,,,,,,,,,
Brewmaster,https://cdn.cloudflare.steamstatic.com/apps/dota2/images/dota_react/heroes/brewmaster.png,FALSE,FALSE,FALSE,TRUE,TRUE,FALSE,TRUE,FALSE,TRUE,TRUE,TRUE,FALSE,TRUE,TRUE,FALSE,FALSE,,,,,,,,,,,,,,,,,,,,,,,
Bristleback,https://cdn.cloudflare.steamstatic.com/apps/dota2/images/dota_react/heroes/bristleback.png,TRUE,FALSE,FALSE,FALSE,TRUE,FALSE,TRUE,FALSE,TRUE,FALSE,TRUE,FALSE,TRUE,TRUE,FALSE,FALSE,,,,,,,,,,,,,,,,,,,,,,,
Broodmother,https://cdn.cloudflare.steamstatic.com/apps/dota2/images/dota_react/heroes/broodmother.png,FALSE,TRUE,FALSE,FALSE,TRUE,FALSE,FALSE,TRUE,TRUE,FALSE,FALSE,TRUE,FALSE,TRUE,TRUE,FALSE,FALSE,FALSE,TRUE,FALSE,FALSE,FALSE,FALSE,FALSE,FALSE,TRUE,FALSE,FALSE,TRUE,TRUE,FALSE,FALSE,FALSE,FALSE,FALSE,FALSE,FALSE,TRUE,FALSE
Centaur Warrunner,https://cdn.cloudflare.steamstatic.com/apps/dota2/images/dota_react/heroes/centaur.png,TRUE,FALSE,FALSE,FALSE,TRUE,FALSE,FALSE,TRUE,FALSE,TRUE,TRUE,TRUE,TRUE,TRUE,FALSE,FALSE,,,,,,,,,,,,,,,,,,,,,,,
Chaos Knight,https://cdn.cloudflare.steamstatic.com/apps/dota2/images/dota_react/heroes/chaos_knight.png,TRUE,FALSE,FALSE,FALSE,TRUE,FALSE,TRUE,FALSE,TRUE,TRUE,TRUE,FALSE,TRUE,FALSE,TRUE,FALSE,,,,,,,,,,,,,,,,,,,,,,,
Chen,https://cdn.cloudflare.steamstatic.com/apps/dota2/images/dota_react/heroes/chen.png,FALSE,FALSE,TRUE,FALSE,FALSE,FALSE,TRUE,FALSE,FALSE,FALSE,FALSE,FALSE,FALSE,FALSE,TRUE,TRUE,,,,,,,,,,,,,,,,,,,,,,,
Clinkz,https://cdn.cloudflare.steamstatic.com/apps/dota2/images/dota_react/heroes/clinkz.png,FALSE,TRUE,FALSE,FALSE,FALSE,FALSE,TRUE,FALSE,TRUE,FALSE,FALSE,TRUE,FALSE,FALSE,TRUE,FALSE,,,,,,,,,,,,,,,,,,,,,,,
Clockwerk,https://cdn.cloudflare.steamstatic.com/apps/dota2/images/dota_react/heroes/rattletrap.png,TRUE,FALSE,FALSE,FALSE,TRUE,FALSE,TRUE,FALSE,FALSE,TRUE,TRUE,FALSE,TRUE,TRUE,FALSE,FALSE,TRUE,TRUE,FALSE,FALSE,TRUE,FALSE,TRUE,FALSE,FALSE,TRUE,FALSE,FALSE,TRUE,TRUE,FALSE,FALSE,FALSE,TRUE,FALSE,FALSE,FALSE,FALSE,FALSE
Crystal Maiden,https://cdn.cloudflare.steamstatic.com/apps/dota2/images/dota_react/heroes/crystal_maiden.png,FALSE,FALSE,TRUE,FALSE,FALSE,FALSE,TRUE,FALSE,FALSE,TRUE,FALSE,FALSE,FALSE,TRUE,FALSE,TRUE,,,,,,,,,,,,,,,,,,,,,,,
Dark Seer,https://cdn.cloudflare.steamstatic.com/apps/dota2/images/dota_react/heroes/dark_seer.png,FALSE,FALSE,TRUE,FALSE,TRUE,FALSE,TRUE,FALSE,FALSE,TRUE,FALSE,TRUE,TRUE,FALSE,FALSE,FALSE,,,,,,,,,,,,,,,,,,,,,,,
Dark Willow,https://cdn.cloudflare.steamstatic.com/apps/dota2/images/dota_react/heroes/dark_willow.png,FALSE,FALSE,TRUE,FALSE,FALSE,FALSE,TRUE,FALSE,FALSE,TRUE,FALSE,TRUE,FALSE,TRUE,FALSE,TRUE,,,,,,,,,,,,,,,,,,,,,,,
Dawnbreaker,https://cdn.cloudflare.steamstatic.com/apps/dota2/images/dota_react/heroes/dawnbreaker.png,TRUE,FALSE,FALSE,FALSE,TRUE,FALSE,TRUE,FALSE,TRUE,FALSE,TRUE,FALSE,FALSE,FALSE,FALSE,FALSE,,,,,,,,,,,,,,,,,,,,,,,
Dazzle,https://cdn.cloudflare.steamstatic.com/apps/dota2/images/dota_react/heroes/dazzle.png,FALSE,FALSE,FALSE,TRUE,FALSE,FALSE,TRUE,FALSE,FALSE,TRUE,FALSE,FALSE,FALSE,TRUE,FALSE,TRUE,,,,,,,,,,,,,,,,,,,,,,,
Death Prophet,https://cdn.cloudflare.steamstatic.com/apps/dota2/images/dota_react/heroes/death_prophet.png,FALSE,FALSE,FALSE,TRUE,FALSE,FALSE,TRUE,FALSE,TRUE,TRUE,FALSE,FALSE,FALSE,TRUE,TRUE,FALSE,TRUE,FALSE,TRUE,TRUE,FALSE,TRUE,TRUE,FALSE,FALSE,TRUE,FALSE,FALSE,TRUE,TRUE,FALSE,FALSE,FALSE,TRUE,FALSE,FALSE,TRUE,FALSE,FALSE
Disruptor,https://cdn.cloudflare.steamstatic.com/apps/dota2/images/dota_react/heroes/disruptor.png,FALSE,FALSE,TRUE,FALSE,FALSE,FALSE,TRUE,FALSE,FALSE,TRUE,FALSE,FALSE,TRUE,TRUE,FALSE,TRUE,,,,,,,,,,,,,,,,,,,,,,,
Doom,https://cdn.cloudflare.steamstatic.com/apps/dota2/images/dota_react/heroes/doom_bringer.png,TRUE,FALSE,FALSE,FALSE,TRUE,FALSE,TRUE,FALSE,TRUE,TRUE,TRUE,FALSE,TRUE,TRUE,FALSE,FALSE,,,,,,,,,,,,,,,,,,,,,,,
Dragon Knight,https://cdn.cloudflare.steamstatic.com/apps/dota2/images/dota_react/heroes/dragon_knight.png,TRUE,FALSE,FALSE,FALSE,TRUE,FALSE,TRUE,FALSE,TRUE,TRUE,TRUE,FALSE,TRUE,TRUE,TRUE,FALSE,,,,,,,,,,,,,,,,,,,,,,,
Drow Ranger,https://cdn.cloudflare.steamstatic.com/apps/dota2/images/dota_react/heroes/drow_ranger.png,FALSE,TRUE,FALSE,FALSE,FALSE,FALSE,TRUE,FALSE,TRUE,TRUE,FALSE,FALSE,FALSE,FALSE,TRUE,FALSE,,,,,,,,,,,,,,,,,,,,,,,
Earth Spirit,https://cdn.cloudflare.steamstatic.com/apps/dota2/images/dota_react/heroes/earth_spirit.png,TRUE,FALSE,FALSE,FALSE,TRUE,FALSE,TRUE,FALSE,FALSE,TRUE,TRUE,TRUE,TRUE,TRUE,FALSE,FALSE,,,,,,,,,,,,,,,,,,,,,,,
Earthshaker,https://cdn.cloudflare.steamstatic.com/apps/dota2/images/dota_react/heroes/earthshaker.png,TRUE,FALSE,FALSE,FALSE,TRUE,FALSE,TRUE,FALSE,FALSE,TRUE,FALSE,FALSE,TRUE,TRUE,FALSE,TRUE,,,,,,,,,,,,,,,,,,,,,,,
Elder Titan,https://cdn.cloudflare.steamstatic.com/apps/dota2/images/dota_react/heroes/elder_titan.png,TRUE,FALSE,FALSE,FALSE,TRUE,FALSE,TRUE,FALSE,FALSE,TRUE,TRUE,FALSE,TRUE,TRUE,FALSE,FALSE,,,,,,,,,,,,,,,,,,,,,,,
Ember Spirit,https://cdn.cloudflare.steamstatic.com/apps/dota2/images/dota_react/heroes/ember_spirit.png,FALSE,TRUE,FALSE,FALSE,TRUE,FALSE,TRUE,FALSE,TRUE,TRUE,FALSE,TRUE,TRUE,TRUE,FALSE,FALSE,,,,,,,,,,,,,,,,,,,,,,,
Enchantress,https://cdn.cloudflare.steamstatic.com/apps/dota2/images/dota_react/heroes/enchantress.png,FALSE,FALSE,TRUE,FALSE,FALSE,FALSE,FALSE,TRUE,FALSE,TRUE,TRUE,FALSE,FALSE,FALSE,TRUE,TRUE,,,,,,,,,,,,,,,,,,,,,,,
Enigma,https://cdn.cloudflare.steamstatic.com/apps/dota2/images/dota_react/heroes/enigma.png,FALSE,FALSE,FALSE,TRUE,FALSE,TRUE,FALSE,FALSE,FALSE,TRUE,FALSE,FALSE,TRUE,FALSE,TRUE,FALSE,FALSE,TRUE,FALSE,FALSE,FALSE,FALSE,TRUE,FALSE,FALSE,FALSE,FALSE,FALSE,FALSE,TRUE,TRUE,FALSE,FALSE,TRUE,FALSE,FALSE,FALSE,FALSE,FALSE
Faceless Void,https://cdn.cloudflare.steamstatic.com/apps/dota2/images/dota_react/heroes/faceless_void.png,FALSE,TRUE,FALSE,FALSE,TRUE,FALSE,TRUE,FALSE,TRUE,TRUE,TRUE,TRUE,TRUE,FALSE,FALSE,FALSE,,,,,,,,,,,,,,,,,,,,,,,
Grimstroke,https://cdn.cloudflare.steamstatic.com/apps/dota2/images/dota_react/heroes/grimstroke.png,FALSE,FALSE,TRUE,FALSE,FALSE,TRUE,FALSE,FALSE,FALSE,TRUE,FALSE,TRUE,FALSE,TRUE,FALSE,TRUE,,,,,,,,,,,,,,,,,,,,,,,
Gyrocopter,https://cdn.cloudflare.steamstatic.com/apps/dota2/images/dota_react/heroes/gyrocopter.png,FALSE,TRUE,FALSE,FALSE,FALSE,FALSE,TRUE,FALSE,TRUE,TRUE,FALSE,FALSE,FALSE,TRUE,FALSE,FALSE,,,,,,,,,,,,,,,,,,,,,,,
Hoodwink,https://cdn.cloudflare.steamstatic.com/apps/dota2/images/dota_react/heroes/hoodwink.png,FALSE,TRUE,FALSE,FALSE,FALSE,FALSE,FALSE,TRUE,FALSE,TRUE,FALSE,TRUE,FALSE,TRUE,FALSE,TRUE,,,,,,,,,,,,,,,,,,,,,,,
Huskar,https://cdn.cloudflare.steamstatic.com/apps/dota2/images/dota_react/heroes/huskar.png,TRUE,FALSE,FALSE,FALSE,FALSE,FALSE,TRUE,FALSE,TRUE,FALSE,TRUE,FALSE,TRUE,FALSE,FALSE,FALSE,,,,,,,,,,,,,,,,,,,,,,,
Invoker,https://cdn.cloudflare.steamstatic.com/apps/dota2/images/dota_react/heroes/invoker.png,FALSE,FALSE,TRUE,FALSE,FALSE,FALSE,TRUE,FALSE,TRUE,TRUE,FALSE,TRUE,FALSE,TRUE,TRUE,FALSE,TRUE,TRUE,FALSE,FALSE,FALSE,FALSE,TRUE,FALSE,FALSE,TRUE,FALSE,FALSE,TRUE,FALSE,TRUE,FALSE,FALSE,TRUE,FALSE,FALSE,FALSE,FALSE,TRUE
Io,https://cdn.cloudflare.steamstatic.com/apps/dota2/images/dota_react/heroes/wisp.png,FALSE,FALSE,FALSE,TRUE,FALSE,TRUE,FALSE,FALSE,FALSE,FALSE,FALSE,TRUE,FALSE,TRUE,FALSE,TRUE,FALSE,FALSE,FALSE,FALSE,FALSE,FALSE,FALSE,FALSE,FALSE,FALSE,TRUE,FALSE,TRUE,FALSE,FALSE,FALSE,FALSE,FALSE,FALSE,FALSE,TRUE,FALSE,FALSE
Jakiro,https://cdn.cloudflare.steamstatic.com/apps/dota2/images/dota_react/heroes/jakiro.png,FALSE,FALSE,TRUE,FALSE,FALSE,FALSE,TRUE,FALSE,FALSE,TRUE,FALSE,FALSE,FALSE,TRUE,TRUE,TRUE,,,,,,,,,,,,,,,,,,,,,,,
Juggernaut,https://cdn.cloudflare.steamstatic.com/apps/dota2/images/dota_react/heroes/juggernaut.png,FALSE,TRUE,FALSE,FALSE,TRUE,FALSE,TRUE,FALSE,TRUE,FALSE,FALSE,TRUE,FALSE,FALSE,TRUE,FALSE,,,,,,,,,,,,,,,,,,,,,,,
Keeper of the Light,https://cdn.cloudflare.steamstatic.com/apps/dota2/images/dota_react/heroes/keeper_of_the_light.png,FALSE,FALSE,TRUE,FALSE,FALSE,FALSE,TRUE,FALSE,FALSE,TRUE,FALSE,FALSE,FALSE,TRUE,FALSE,TRUE,,,,,,,,,,,,,,,,,,,,,,,
Kez,https://cdn.cloudflare.steamstatic.com/apps/dota2/images/dota_react/heroes/kez.png,FALSE,TRUE,FALSE,FALSE,TRUE,FALSE,TRUE,FALSE,TRUE,TRUE,FALSE,TRUE,FALSE,FALSE,FALSE,FALSE,,,,,,,,,,,,,,,,,,,,,,,
Kunkka,https://cdn.cloudflare.steamstatic.com/apps/dota2/images/dota_react/heroes/kunkka.png,TRUE,FALSE,FALSE,FALSE,TRUE,FALSE,TRUE,FALSE,TRUE,TRUE,TRUE,FALSE,TRUE,TRUE,FALSE,TRUE,,,,,,,,,,,,,,,,,,,,,,,
Largo,https://cdn.cloudflare.steamstatic.com/apps/dota2/images/dota_react/heroes/largo.png,TRUE,FALSE,FALSE,FALSE,TRUE,FALSE,TRUE,FALSE,FALSE,TRUE,TRUE,FALSE,FALSE,FALSE,FALSE,TRUE,,,,,,,,,,,,,,,,,,,,,,,
Legion Commander,https://cdn.cloudflare.steamstatic.com/apps/dota2/images/dota_react/heroes/legion_commander.png,TRUE,FALSE,FALSE,FALSE,TRUE,FALSE,TRUE,FALSE,TRUE,TRUE,TRUE,FALSE,TRUE,TRUE,FALSE,FALSE,,,,,,,,,,,,,,,,,,,,,,,
Leshrac,https://cdn.cloudflare.steamstatic.com/apps/dota2/images/dota_react/heroes/leshrac.png,FALSE,FALSE,TRUE,FALSE,FALSE,FALSE,FALSE,TRUE,TRUE,TRUE,FALSE,FALSE,FALSE,TRUE,TRUE,TRUE,,,,,,,,,,,,,,,,,,,,,,,
Lich,https://cdn.cloudflare.steamstatic.com/apps/dota2/images/dota_react/heroes/lich.png,FALSE,FALSE,TRUE,FALSE,FALSE,FALSE,TRUE,FALSE,FALSE,FALSE,FALSE,FALSE,FALSE,TRUE,FALSE,TRUE,,,,,,,,,,,,,,,,,,,,,,,
Lifestealer,https://cdn.cloudflare.steamstatic.com/apps/dota2/images/dota_react/heroes/life_stealer.png,TRUE,FALSE,FALSE,FALSE,TRUE,FALSE,TRUE,FALSE,TRUE,TRUE,TRUE,TRUE,FALSE,FALSE,FALSE,FALSE,,,,,,,,,,,,,,,,,,,,,,,
Lina,https://cdn.cloudflare.steamstatic.com/apps/dota2/images/dota_react/heroes/lina.png,FALSE,FALSE,TRUE,FALSE,FALSE,FALSE,TRUE,FALSE,TRUE,TRUE,FALSE,FALSE,FALSE,TRUE,FALSE,TRUE,TRUE,FALSE,TRUE,FALSE,FALSE,FALSE,TRUE,FALSE,FALSE,TRUE,FALSE,FALSE,TRUE,FALSE,FALSE,FALSE,FALSE,TRUE,FALSE,FALSE,FALSE,FALSE,FALSE
Lion,https://cdn.cloudflare.steamstatic.com/apps/dota2/images/dota_react/heroes/lion.png,FALSE,FALSE,TRUE,FALSE,FALSE,FALSE,TRUE,FALSE,FALSE,TRUE,FALSE,FALSE,TRUE,TRUE,FALSE,TRUE,,,,,,,,,,,,,,,,,,,,,,,
Lone Druid,https://cdn.cloudflare.steamstatic.com/apps/dota2/images/dota_react/heroes/lone_druid.png,FALSE,TRUE,FALSE,FALSE,FALSE,FALSE,TRUE,FALSE,TRUE,FALSE,TRUE,FALSE,FALSE,FALSE,TRUE,FALSE,,,,,,,,,,,,,,,,,,,,,,,
Luna,https://cdn.cloudflare.steamstatic.com/apps/dota2/images/dota_react/heroes/luna.png,FALSE,TRUE,FALSE,FALSE,FALSE,FALSE,TRUE,FALSE,TRUE,FALSE,FALSE,FALSE,FALSE,TRUE,TRUE,FALSE,,,,,,,,,,,,,,,,,,,,,,,
Lycan,https://cdn.cloudflare.steamstatic.com/apps/dota2/images/dota_react/heroes/lycan.png,TRUE,FALSE,FALSE,FALSE,TRUE,FALSE,TRUE,FALSE,TRUE,FALSE,TRUE,TRUE,FALSE,FALSE,TRUE,FALSE,,,,,,,,,,,,,,,,,,,,,,,
Magnus,https://cdn.cloudflare.steamstatic.com/apps/dota2/images/dota_react/heroes/magnataur.png,FALSE,FALSE,FALSE,TRUE,TRUE,FALSE,FALSE,TRUE,FALSE,TRUE,FALSE,TRUE,TRUE,TRUE,FALSE,FALSE,,,,,,,,,,,,,,,,,,,,,,,
Marci,https://cdn.cloudflare.steamstatic.com/apps/dota2/images/dota_react/heroes/marci.png,FALSE,FALSE,FALSE,TRUE,TRUE,FALSE,TRUE,FALSE,TRUE,TRUE,FALSE,TRUE,TRUE,FALSE,FALSE,TRUE,,,,,,,,,,,,,,,,,,,,,,,
Mars,https://cdn.cloudflare.steamstatic.com/apps/dota2/images/dota_react/heroes/mars.png,TRUE,FALSE,FALSE,FALSE,TRUE,FALSE,TRUE,FALSE,TRUE,TRUE,TRUE,FALSE,TRUE,FALSE,FALSE,FALSE,,,,,,,,,,,,,,,,,,,,,,,
Medusa,https://cdn.cloudflare.steamstatic.com/apps/dota2/images/dota_react/heroes/medusa.png,FALSE,TRUE,FALSE,FALSE,FALSE,TRUE,FALSE,FALSE,TRUE,TRUE,TRUE,FALSE,FALSE,FALSE,FALSE,FALSE,,,,,,,,,,,,,,,,,,,,,,,
Meepo,https://cdn.cloudflare.steamstatic.com/apps/dota2/images/dota_react/heroes/meepo.png,FALSE,TRUE,FALSE,FALSE,TRUE,FALSE,TRUE,FALSE,TRUE,TRUE,FALSE,TRUE,TRUE,TRUE,TRUE,FALSE,FALSE,TRUE,FALSE,FALSE,FALSE,FALSE,FALSE,FALSE,FALSE,TRUE,FALSE,TRUE,TRUE,FALSE,TRUE,FALSE,FALSE,TRUE,TRUE,FALSE,FALSE,TRUE,FALSE
Mirana,https://cdn.cloudflare.steamstatic.com/apps/dota2/images/dota_react/heroes/mirana.png,FALSE,TRUE,FALSE,FALSE,FALSE,FALSE,TRUE,FALSE,TRUE,TRUE,FALSE,TRUE,FALSE,TRUE,FALSE,TRUE,,,,,,,,,,,,,,,,,,,,,,,
Monkey King,https://cdn.cloudflare.steamstatic.com/apps/dota2/images/dota_react/heroes/monkey_king.png,FALSE,TRUE,FALSE,FALSE,TRUE,FALSE,TRUE,FALSE,TRUE,TRUE,FALSE,TRUE,TRUE,FALSE,FALSE,FALSE,FALSE,TRUE,FALSE,FALSE,FALSE,FALSE,FALSE,FALSE,TRUE,TRUE,FALSE,FALSE,TRUE,FALSE,FALSE,FALSE,FALSE,TRUE,TRUE,FALSE,FALSE,TRUE,FALSE
Morphling,https://cdn.cloudflare.steamstatic.com/apps/dota2/images/dota_react/heroes/morphling.png,FALSE,TRUE,FALSE,FALSE,FALSE,TRUE,FALSE,FALSE,TRUE,TRUE,TRUE,TRUE,FALSE,TRUE,FALSE,FALSE,,,,,,,,,,,,,,,,,,,,,,,
Muerta,https://cdn.cloudflare.steamstatic.com/apps/dota2/images/dota_react/heroes/muerta.png,FALSE,FALSE,TRUE,FALSE,FALSE,FALSE,TRUE,FALSE,TRUE,TRUE,FALSE,FALSE,FALSE,TRUE,FALSE,FALSE,,,,,,,,,,,,,,,,,,,,,,,
Naga Siren,https://cdn.cloudflare.steamstatic.com/apps/dota2/images/dota_react/heroes/naga_siren.png,FALSE,TRUE,FALSE,FALSE,TRUE,TRUE,FALSE,FALSE,TRUE,TRUE,FALSE,TRUE,TRUE,FALSE,TRUE,TRUE,,,,,,,,,,,,,,,,,,,,,,,
Nature's Prophet,https://cdn.cloudflare.steamstatic.com/apps/dota2/images/dota_react/heroes/furion.png,FALSE,FALSE,FALSE,TRUE,FALSE,FALSE,TRUE,FALSE,TRUE,FALSE,FALSE,TRUE,FALSE,TRUE,TRUE,FALSE,,,,,,,,,,,,,,,,,,,,,,,
Necrophos,https://cdn.cloudflare.steamstatic.com/apps/dota2/images/dota_react/heroes/necrolyte.png,FALSE,FALSE,TRUE,FALSE,FALSE,FALSE,TRUE,FALSE,TRUE,TRUE,TRUE,FALSE,FALSE,TRUE,FALSE,FALSE,,,,,,,,,,,,,,,,,,,,,,,
Night Stalker,https://cdn.cloudflare.steamstatic.com/apps/dota2/images/dota_react/heroes/night_stalker.png,TRUE,FALSE,FALSE,FALSE,TRUE,FALSE,TRUE,FALSE,TRUE,TRUE,TRUE,FALSE,TRUE,TRUE,FALSE,FALSE,,,,,,,,,,,,,,,,,,,,,,,
Nyx Assassin,https://cdn.cloudflare.steamstatic.com/apps/dota2/images/dota_react/heroes/nyx_assassin.png,FALSE,FALSE,FALSE,TRUE,TRUE,FALSE,FALSE,TRUE,FALSE,TRUE,FALSE,TRUE,TRUE,TRUE,FALSE,FALSE,,,,,,,,,,,,,,,,,,,,,,,
Ogre Magi,https://cdn.cloudflare.steamstatic.com/apps/dota2/images/dota_react/heroes/ogre_magi.png,TRUE,FALSE,FALSE,FALSE,TRUE,FALSE,TRUE,FALSE,FALSE,TRUE,TRUE,FALSE,TRUE,TRUE,FALSE,TRUE,,,,,,,,,,,,,,,,,,,,,,,
Omniknight,https://cdn.cloudflare.steamstatic.com/apps/dota2/images/dota_react/heroes/omniknight.png,TRUE,FALSE,FALSE,FALSE,TRUE,FALSE,TRUE,FALSE,FALSE,FALSE,TRUE,FALSE,FALSE,TRUE,FALSE,TRUE,,,,,,,,,,,,,,,,,,,,,,,
Oracle,https://cdn.cloudflare.steamstatic.com/apps/dota2/images/dota_react/heroes/oracle.png,FALSE,FALSE,TRUE,FALSE,FALSE,FALSE,TRUE,FALSE,FALSE,TRUE,FALSE,TRUE,FALSE,TRUE,FALSE,TRUE,,,,,,,,,,,,,,,,,,,,,,,
Outworld Destroyer,https://cdn.cloudflare.steamstatic.com/apps/dota2/images/dota_react/heroes/obsidian_destroyer.png,FALSE,FALSE,TRUE,FALSE,FALSE,FALSE,FALSE,TRUE,TRUE,TRUE,FALSE,FALSE,FALSE,TRUE,FALSE,FALSE,,,,,,,,,,,,,,,,,,,,,,,
Pangolier,https://cdn.cloudflare.steamstatic.com/apps/dota2/images/dota_react/heroes/pangolier.png,FALSE,FALSE,FALSE,TRUE,TRUE,FALSE,TRUE,FALSE,TRUE,TRUE,TRUE,TRUE,TRUE,TRUE,FALSE,FALSE,,,,,,,,,,,,,,,,,,,,,,,
Phantom Assassin,https://cdn.cloudflare.steamstatic.com/apps/dota2/images/dota_react/heroes/phantom_assassin.png,FALSE,TRUE,FALSE,FALSE,TRUE,FALSE,TRUE,FALSE,TRUE,FALSE,FALSE,TRUE,FALSE,FALSE,FALSE,FALSE,,,,,,,,,,,,,,,,,,,,,,,
Phantom Lancer,https://cdn.cloudflare.steamstatic.com/apps/dota2/images/dota_react/heroes/phantom_lancer.png,FALSE,TRUE,FALSE,FALSE,TRUE,FALSE,TRUE,FALSE,TRUE,FALSE,FALSE,TRUE,FALSE,TRUE,TRUE,FALSE,,,,,,,,,,,,,,,,,,,,,,,
Phoenix,https://cdn.cloudflare.steamstatic.com/apps/dota2/images/dota_react/heroes/phoenix.png,TRUE,FALSE,FALSE,FALSE,FALSE,FALSE,TRUE,FALSE,FALSE,TRUE,FALSE,TRUE,TRUE,TRUE,FALSE,TRUE,,,,,,,,,,,,,,,,,,,,,,,
Primal Beast,https://cdn.cloudflare.steamstatic.com/apps/dota2/images/dota_react/heroes/primal_beast.png,TRUE,FALSE,FALSE,FALSE,TRUE,FALSE,TRUE,FALSE,FALSE,TRUE,TRUE,FALSE,TRUE,FALSE,FALSE,FALSE,,,,,,,,,,,,,,,,,,,,,,,
Puck,https://cdn.cloudflare.steamstatic.com/apps/dota2/images/dota_react/heroes/puck.png,FALSE,FALSE,TRUE,FALSE,FALSE,FALSE,TRUE,FALSE,FALSE,TRUE,FALSE,TRUE,TRUE,TRUE,FALSE,FALSE,,,,,,,,,,,,,,,,,,,,,,,
Pudge,https://cdn.cloudflare.steamstatic.com/apps/dota2/images/dota_react/heroes/pudge.png,TRUE,FALSE,FALSE,FALSE,TRUE,FALSE,TRUE,FALSE,FALSE,TRUE,TRUE,FALSE,TRUE,TRUE,FALSE,FALSE,TRUE,TRUE,FALSE,FALSE,FALSE,FALSE,TRUE,FALSE,FALSE,TRUE,TRUE,TRUE,TRUE,TRUE,TRUE,TRUE,FALSE,TRUE,FALSE,FALSE,FALSE,FALSE,FALSE
Pugna,https://cdn.cloudflare.steamstatic.com/apps/dota2/images/dota_react/heroes/pugna.png,FALSE,FALSE,TRUE,FALSE,FALSE,FALSE,TRUE,FALSE,FALSE,FALSE,FALSE,FALSE,FALSE,TRUE,TRUE,FALSE,,,,,,,,,,,,,,,,,,,,,,,
Queen of Pain,https://cdn.cloudflare.steamstatic.com/apps/dota2/images/dota_react/heroes/queenofpain.png,FALSE,FALSE,TRUE,FALSE,FALSE,FALSE,TRUE,FALSE,TRUE,FALSE,FALSE,TRUE,FALSE,TRUE,FALSE,FALSE,,,,,,,,,,,,,,,,,,,,,,,
Razor,https://cdn.cloudflare.steamstatic.com/apps/dota2/images/dota_react/heroes/razor.png,FALSE,TRUE,FALSE,FALSE,FALSE,TRUE,FALSE,FALSE,TRUE,FALSE,TRUE,FALSE,FALSE,TRUE,TRUE,FALSE,,,,,,,,,,,,,,,,,,,,,,,
Riki,https://cdn.cloudflare.steamstatic.com/apps/dota2/images/dota_react/heroes/riki.png,FALSE,TRUE,FALSE,FALSE,TRUE,FALSE,TRUE,FALSE,TRUE,TRUE,FALSE,TRUE,FALSE,FALSE,FALSE,FALSE,FALSE,TRUE,FALSE,FALSE,FALSE,FALSE,FALSE,FALSE,FALSE,TRUE,FALSE,FALSE,FALSE,FALSE,FALSE,FALSE,FALSE,FALSE,FALSE,FALSE,FALSE,FALSE,TRUE
Ringmaster,https://cdn.cloudflare.steamstatic.com/apps/dota2/images/dota_react/heroes/ringmaster.png,FALSE,FALSE,TRUE,FALSE,FALSE,FALSE,TRUE,FALSE,FALSE,TRUE,FALSE,TRUE,FALSE,TRUE,FALSE,TRUE,,,,,,,,,,,,,,,,,,,,,,,
Rubick,https://cdn.cloudflare.steamstatic.com/apps/dota2/images/dota_react/heroes/rubick.png,FALSE,FALSE,TRUE,FALSE,FALSE,FALSE,TRUE,FALSE,FALSE,TRUE,FALSE,FALSE,FALSE,TRUE,FALSE,TRUE,,,,,,,,,,,,,,,,,,,,,,,
Sand King,https://cdn.cloudflare.steamstatic.com/apps/dota2/images/dota_react/heroes/sand_king.png,FALSE,FALSE,FALSE,TRUE,TRUE,FALSE,FALSE,TRUE,FALSE,TRUE,FALSE,TRUE,TRUE,TRUE,FALSE,TRUE,FALSE,TRUE,FALSE,FALSE,FALSE,FALSE,TRUE,FALSE,FALSE,FALSE,FALSE,FALSE,FALSE,TRUE,FALSE,FALSE,FALSE,TRUE,TRUE,FALSE,FALSE,TRUE,TRUE
Shadow Demon,https://cdn.cloudflare.steamstatic.com/apps/dota2/images/dota_react/heroes/shadow_demon.png,FALSE,FALSE,TRUE,FALSE,FALSE,FALSE,TRUE,FALSE,FALSE,TRUE,FALSE,FALSE,TRUE,TRUE,FALSE,TRUE,,,,,,,,,,,,,,,,,,,,,,,
Shadow Fiend,https://cdn.cloudflare.steamstatic.com/apps/dota2/images/dota_react/heroes/nevermore.png,FALSE,TRUE,FALSE,FALSE,FALSE,TRUE,FALSE,FALSE,TRUE,FALSE,FALSE,FALSE,FALSE,TRUE,FALSE,FALSE,FALSE,TRUE,FALSE,FALSE,FALSE,FALSE,TRUE,TRUE,FALSE,FALSE,FALSE,FALSE,TRUE,FALSE,FALSE,FALSE,FALSE,TRUE,FALSE,FALSE,FALSE,FALSE,FALSE
Shadow Shaman,https://cdn.cloudflare.steamstatic.com/apps/dota2/images/dota_react/heroes/shadow_shaman.png,FALSE,FALSE,TRUE,FALSE,FALSE,FALSE,TRUE,FALSE,FALSE,TRUE,FALSE,FALSE,TRUE,TRUE,TRUE,TRUE,,,,,,,,,,,,,,,,,,,,,,,
Silencer,https://cdn.cloudflare.steamstatic.com/apps/dota2/images/dota_react/heroes/silencer.png,FALSE,FALSE,TRUE,FALSE,FALSE,FALSE,TRUE,FALSE,TRUE,TRUE,FALSE,FALSE,TRUE,TRUE,FALSE,TRUE,,,,,,,,,,,,,,,,,,,,,,,
Skywrath Mage,https://cdn.cloudflare.steamstatic.com/apps/dota2/images/dota_react/heroes/skywrath_mage.png,FALSE,FALSE,TRUE,FALSE,FALSE,FALSE,TRUE,FALSE,FALSE,TRUE,FALSE,FALSE,FALSE,TRUE,FALSE,TRUE,,,,,,,,,,,,,,,,,,,,,,,
Slardar,https://cdn.cloudflare.steamstatic.com/apps/dota2/images/dota_react/heroes/slardar.png,TRUE,FALSE,FALSE,FALSE,TRUE,TRUE,FALSE,FALSE,TRUE,TRUE,TRUE,TRUE,TRUE,FALSE,FALSE,FALSE,,,,,,,,,,,,,,,,,,,,,,,
Slark,https://cdn.cloudflare.steamstatic.com/apps/dota2/images/dota_react/heroes/slark.png,FALSE,TRUE,FALSE,FALSE,TRUE,FALSE,TRUE,FALSE,TRUE,TRUE,FALSE,TRUE,FALSE,TRUE,FALSE,FALSE,FALSE,TRUE,FALSE,FALSE,FALSE,FALSE,FALSE,FALSE,FALSE,FALSE,TRUE,TRUE,FALSE,FALSE,FALSE,FALSE,FALSE,FALSE,FALSE,FALSE,TRUE,TRUE,TRUE
Snapfire,https://cdn.cloudflare.steamstatic.com/apps/dota2/images/dota_react/heroes/snapfire.png,FALSE,FALSE,FALSE,TRUE,FALSE,FALSE,TRUE,FALSE,FALSE,TRUE,FALSE,TRUE,FALSE,TRUE,FALSE,TRUE,,,,,,,,,,,,,,,,,,,,,,,
Sniper,https://cdn.cloudflare.steamstatic.com/apps/dota2/images/dota_react/heroes/sniper.png,FALSE,TRUE,FALSE,FALSE,FALSE,FALSE,TRUE,FALSE,TRUE,FALSE,FALSE,FALSE,FALSE,TRUE,FALSE,FALSE,,,,,,,,,,,,,,,,,,,,,,,
Spectre,https://cdn.cloudflare.steamstatic.com/apps/dota2/images/dota_react/heroes/spectre.png,FALSE,TRUE,FALSE,FALSE,TRUE,TRUE,FALSE,FALSE,TRUE,FALSE,TRUE,TRUE,FALSE,FALSE,FALSE,FALSE,,,,,,,,,,,,,,,,,,,,,,,
Spirit Breaker,https://cdn.cloudflare.steamstatic.com/apps/dota2/images/dota_react/heroes/spirit_breaker.png,TRUE,FALSE,FALSE,FALSE,TRUE,FALSE,TRUE,FALSE,TRUE,TRUE,TRUE,TRUE,TRUE,FALSE,FALSE,FALSE,FALSE,TRUE,FALSE,FALSE,FALSE,TRUE,TRUE,FALSE,FALSE,TRUE,FALSE,FALSE,FALSE,TRUE,FALSE,FALSE,FALSE,TRUE,FALSE,FALSE,FALSE,TRUE,FALSE
Storm Spirit,https://cdn.cloudflare.steamstatic.com/apps/dota2/images/dota_react/heroes/storm_spirit.png,FALSE,FALSE,TRUE,FALSE,FALSE,FALSE,TRUE,FALSE,TRUE,TRUE,FALSE,TRUE,TRUE,TRUE,FALSE,FALSE,,,,,,,,,,,,,,,,,,,,,,,
Sven,https://cdn.cloudflare.steamstatic.com/apps/dota2/images/dota_react/heroes/sven.png,TRUE,FALSE,FALSE,FALSE,TRUE,FALSE,TRUE,FALSE,TRUE,TRUE,TRUE,FALSE,TRUE,TRUE,FALSE,FALSE,,,,,,,,,,,,,,,,,,,,,,,
Techies,https://cdn.cloudflare.steamstatic.com/apps/dota2/images/dota_react/heroes/techies.png,FALSE,FALSE,FALSE,TRUE,FALSE,FALSE,FALSE,TRUE,FALSE,TRUE,FALSE,FALSE,FALSE,TRUE,FALSE,FALSE,TRUE,TRUE,FALSE,FALSE,FALSE,FALSE,TRUE,FALSE,FALSE,TRUE,FALSE,FALSE,FALSE,FALSE,FALSE,FALSE,TRUE,FALSE,FALSE,FALSE,FALSE,FALSE,FALSE
Templar Assassin,https://cdn.cloudflare.steamstatic.com/apps/dota2/images/dota_react/heroes/templar_assassin.png,FALSE,TRUE,FALSE,FALSE,FALSE,FALSE,TRUE,FALSE,TRUE,FALSE,FALSE,TRUE,FALSE,FALSE,FALSE,FALSE,,,,,,,,,,,,,,,,,,,,,,,
Terrorblade,https://cdn.cloudflare.steamstatic.com/apps/dota2/images/dota_react/heroes/terrorblade.png,FALSE,TRUE,FALSE,FALSE,TRUE,FALSE,TRUE,FALSE,TRUE,FALSE,FALSE,FALSE,FALSE,TRUE,TRUE,FALSE,,,,,,,,,,,,,,,,,,,,,,,
Tidehunter,https://cdn.cloudflare.steamstatic.com/apps/dota2/images/dota_react/heroes/tidehunter.png,TRUE,FALSE,FALSE,FALSE,TRUE,FALSE,TRUE,FALSE,TRUE,TRUE,TRUE,FALSE,TRUE,TRUE,FALSE,FALSE,,,,,,,,,,,,,,,,,,,,,,,
Timbersaw,https://cdn.cloudflare.steamstatic.com/apps/dota2/images/dota_react/heroes/shredder.png,TRUE,FALSE,FALSE,FALSE,TRUE,FALSE,TRUE,FALSE,FALSE,FALSE,TRUE,TRUE,FALSE,TRUE,FALSE,FALSE,,,,,,,,,,,,,,,,,,,,,,,
Tinker,https://cdn.cloudflare.steamstatic.com/apps/dota2/images/dota_react/heroes/tinker.png,FALSE,FALSE,TRUE,FALSE,FALSE,FALSE,TRUE,FALSE,TRUE,FALSE,FALSE,FALSE,FALSE,TRUE,TRUE,FALSE,TRUE,TRUE,FALSE,FALSE,TRUE,FALSE,TRUE,FALSE,FALSE,TRUE,TRUE,FALSE,TRUE,FALSE,TRUE,FALSE,FALSE,FALSE,FALSE,FALSE,FALSE,FALSE,FALSE
Tiny,https://cdn.cloudflare.steamstatic.com/apps/dota2/images/dota_react/heroes/tiny.png,TRUE,FALSE,FALSE,FALSE,TRUE,FALSE,TRUE,FALSE,TRUE,TRUE,TRUE,FALSE,TRUE,TRUE,TRUE,FALSE,FALSE,TRUE,FALSE,FALSE,FALSE,FALSE,FALSE,FALSE,FALSE,TRUE,FALSE,FALSE,TRUE,FALSE,FALSE,FALSE,FALSE,TRUE,FALSE,TRUE,FALSE,FALSE,FALSE
Treant Protector,https://cdn.cloudflare.steamstatic.com/apps/dota2/images/dota_react/heroes/treant.png,TRUE,FALSE,FALSE,FALSE,TRUE,FALSE,TRUE,FALSE,FALSE,TRUE,TRUE,TRUE,TRUE,FALSE,FALSE,TRUE,,,,,,,,,,,,,,,,,,,,,,,
Troll Warlord,https://cdn.cloudflare.steamstatic.com/apps/dota2/images/dota_react/heroes/troll_warlord.png,FALSE,TRUE,FALSE,FALSE,FALSE,FALSE,TRUE,FALSE,TRUE,TRUE,TRUE,FALSE,FALSE,FALSE,TRUE,FALSE,,,,,,,,,,,,,,,,,,,,,,,
Tusk,https://cdn.cloudflare.steamstatic.com/apps/dota2/images/dota_react/heroes/tusk.png,TRUE,FALSE,FALSE,FALSE,TRUE,FALSE,TRUE,FALSE,FALSE,TRUE,FALSE,FALSE,TRUE,TRUE,FALSE,FALSE,,,,,,,,,,,,,,,,,,,,,,,
Underlord,https://cdn.cloudflare.steamstatic.com/apps/dota2/images/dota_react/heroes/abyssal_underlord.png,TRUE,FALSE,FALSE,FALSE,TRUE,FALSE,TRUE,FALSE,FALSE,TRUE,TRUE,TRUE,FALSE,TRUE,FALSE,TRUE,,,,,,,,,,,,,,,,,,,,,,,
Undying,https://cdn.cloudflare.steamstatic.com/apps/dota2/images/dota_react/heroes/undying.png,TRUE,FALSE,FALSE,FALSE,TRUE,FALSE,TRUE,FALSE,FALSE,TRUE,TRUE,FALSE,FALSE,TRUE,FALSE,TRUE,TRUE,TRUE,FALSE,TRUE,FALSE,FALSE,TRUE,FALSE,FALSE,TRUE,TRUE,FALSE,FALSE,TRUE,FALSE,FALSE,FALSE,FALSE,FALSE,FALSE,FALSE,FALSE,FALSE
Ursa,https://cdn.cloudflare.steamstatic.com/apps/dota2/images/dota_react/heroes/ursa.png,FALSE,TRUE,FALSE,FALSE,TRUE,FALSE,TRUE,FALSE,TRUE,TRUE,TRUE,FALSE,FALSE,FALSE,FALSE,FALSE,,,,,,,,,,,,,,,,,,,,,,,
Vengeful Spirit,https://cdn.cloudflare.steamstatic.com/apps/dota2/images/dota_react/heroes/vengefulspirit.png,FALSE,TRUE,FALSE,FALSE,FALSE,FALSE,TRUE,FALSE,FALSE,TRUE,FALSE,TRUE,TRUE,TRUE,FALSE,TRUE,TRUE,FALSE,TRUE,TRUE,FALSE,TRUE,TRUE,FALSE,FALSE,TRUE,FALSE,FALSE,FALSE,FALSE,FALSE,FALSE,FALSE,TRUE,FALSE,FALSE,FALSE,FALSE,FALSE
Venomancer,https://cdn.cloudflare.steamstatic.com/apps/dota2/images/dota_react/heroes/venomancer.png,FALSE,FALSE,FALSE,TRUE,FALSE,TRUE,FALSE,FALSE,FALSE,TRUE,FALSE,FALSE,TRUE,TRUE,TRUE,TRUE,,,,,,,,,,,,,,,,,,,,,,,
Viper,https://cdn.cloudflare.steamstatic.com/apps/dota2/images/dota_react/heroes/viper.png,FALSE,TRUE,FALSE,FALSE,FALSE,TRUE,FALSE,FALSE,TRUE,TRUE,TRUE,FALSE,TRUE,FALSE,FALSE,FALSE,,,,,,,,,,,,,,,,,,,,,,,
Visage,https://cdn.cloudflare.steamstatic.com/apps/dota2/images/dota_react/heroes/visage.png,FALSE,FALSE,FALSE,TRUE,FALSE,FALSE,TRUE,FALSE,FALSE,TRUE,TRUE,FALSE,FALSE,TRUE,TRUE,TRUE,,,,,,,,,,,,,,,,,,,,,,,
Void Spirit,https://cdn.cloudflare.steamstatic.com/apps/dota2/images/dota_react/heroes/void_spirit.png,FALSE,FALSE,FALSE,TRUE,TRUE,FALSE,TRUE,FALSE,TRUE,TRUE,FALSE,TRUE,FALSE,TRUE,FALSE,FALSE,,,,,,,,,,,,,,,,,,,,,,,
Warlock,https://cdn.cloudflare.steamstatic.com/apps/dota2/images/dota_react/heroes/warlock.png,FALSE,FALSE,TRUE,FALSE,FALSE,FALSE,TRUE,FALSE,FALSE,TRUE,FALSE,FALSE,TRUE,FALSE,FALSE,TRUE,,,,,,,,,,,,,,,,,,,,,,,
Weaver,https://cdn.cloudflare.steamstatic.com/apps/dota2/images/dota_react/heroes/weaver.png,FALSE,TRUE,FALSE,FALSE,FALSE,FALSE,FALSE,TRUE,TRUE,FALSE,FALSE,TRUE,FALSE,FALSE,FALSE,FALSE,,,,,,,,,,,,,,,,,,,,,,,
Windranger,https://cdn.cloudflare.steamstatic.com/apps/dota2/images/dota_react/heroes/windrunner.png,FALSE,FALSE,FALSE,TRUE,FALSE,FALSE,TRUE,FALSE,TRUE,TRUE,FALSE,TRUE,FALSE,TRUE,FALSE,TRUE,,,,,,,,,,,,,,,,,,,,,,,
Winter Wyvern,https://cdn.cloudflare.steamstatic.com/apps/dota2/images/dota_react/heroes/winter_wyvern.png,FALSE,FALSE,TRUE,FALSE,FALSE,FALSE,TRUE,FALSE,FALSE,TRUE,FALSE,FALSE,FALSE,TRUE,FALSE,TRUE,FALSE,FALSE,TRUE,FALSE,FALSE,FALSE,TRUE,FALSE,FALSE,TRUE,TRUE,FALSE,TRUE,TRUE,FALSE,FALSE,FALSE,TRUE,FALSE,FALSE,TRUE,TRUE,FALSE
Witch Doctor,https://cdn.cloudflare.steamstatic.com/apps/dota2/images/dota_react/heroes/witch_doctor.png,FALSE,FALSE,TRUE,FALSE,FALSE,FALSE,TRUE,FALSE,FALSE,TRUE,FALSE,FALSE,FALSE,TRUE,FALSE,TRUE,,,,,,,,,,,,,,,,,,,,,,,
Wraith King,https://cdn.cloudflare.steamstatic.com/apps/dota2/images/dota_react/heroes/skeleton_king.png,TRUE,FALSE,FALSE,FALSE,TRUE,FALSE,TRUE,FALSE,TRUE,TRUE,TRUE,FALSE,TRUE,FALSE,FALSE,TRUE,,,,,,,,,,,,,,,,,,,,,,,
Zeus,https://cdn.cloudflare.steamstatic.com/apps/dota2/images/dota_react/heroes/zuus.png,FALSE,FALSE,TRUE,FALSE,FALSE,FALSE,TRUE,FALSE,TRUE,FALSE,FALSE,FALSE,FALSE,TRUE,FALSE,FALSE,TRUE,TRUE,FALSE,FALSE,FALSE,FALSE,TRUE,FALSE,TRUE,TRUE,FALSE,FALSE,TRUE,FALSE,FALSE,FALSE,FALSE,TRUE,FALSE,FALSE,FALSE,FALSE,FALSE
